id;street_address;postal_code;city;state_province
1;Arkansas Intelligent Credit Card Account;intuitive Open-architected system-worthy;Lake Rosetta;Metal array France
2;redundant;Synergistic Personal Loan Account Sleek;South Lizziefort;deposit
3;extend Unbranded Fresh Pants Tools;Practical North Dakota;West Jamesonland;Specialist generating
4;Computers Small Fresh Gloves back-end;interface;Runteburgh;Orchestrator
5;Refined Intelligent Granite Shirt;Philippine Peso Metal;Port Wadeport;alliance redundant global
6;bypass Ameliorated;Brand;Keeblerchester;paradigms Salad Table
7;Optimized;microchip;Tracyburgh;Operations alarm
8;e-markets system;Organic;East Niko;Garden
9;Small;Incredible Fresh Chips;Chanelleport;Handmade
10;online e-business;systems integrate;Ursulafurt;Gorgeous Cotton Chair Personal Loan Account Borders
